cp_id,prodotto_clanpesca,marca,categoria,prezzo_clanpesca_eur,sito_concorrente,livello_match,prezzo_concorrente_eur,disponibilita,delta_pct,url,data_rilevazione
23200,Amo BKK Titan Diver+,bkk,Mare,10.50,bassstoreitaly.com,famiglia,9.10,disponibile,+15.4,https://bassstoreitaly.com/it/bkk-fishing-hooks-titan-diver-,2026-08-05
23200,Amo BKK Titan Diver+,bkk,Mare,10.50,pescapromo.it,famiglia,7.95,esaurito,+32.1,https://pescapromo.it/t/ami-per-predatori/ami-bkk-titandiver-gold,2026-08-05
23331,BKK Assist Spear 21 SS,bkk,Spinning e Casting,8.90,pescapromo.it,esatto,8.95,disponibile,-0.6,https://pescapromo.it/t/ancorette/ancoretta-bkk-assist-spear-21-ss,2026-08-05
23338,BKK Assist Spear UVO,bkk,Spinning e Casting,9.90,pescapromo.it,famiglia,9.95,esaurito,-0.5,https://pescapromo.it/t/ancorette/ancoretta-bkk-assist-spear-21-uvo,2026-08-05
26220,BKK Basilisk,bkk,Spinning e Casting,5.50,bassstoreitaly.com,famiglia,5.20,esaurito,+5.8,https://bassstoreitaly.com/it/bkk-fishing-hooks-basilisk,2026-08-05
26220,BKK Basilisk,bkk,Spinning e Casting,5.50,pescapromo.it,famiglia,3.49,disponibile,+57.6,https://pescapromo.it/t/ami-per-predatori/bkk-basilisk-offset-hook,2026-08-05
28015,BKK CHAIN-21 STINGER,bkk,Luccio,5.99,bassstoreitaly.com,esatto,5.99,disponibile,+0.0,https://bassstoreitaly.com/it/bkk-fishing-hooks-chain-21-stinger-rig,2026-08-05
28015,BKK CHAIN-21 STINGER,bkk,Luccio,5.99,pescapromo.it,esatto,5.95,disponibile,+0.7,https://pescapromo.it/t/terminali-con-stingers/bkk-chain-21-stinger-rig,2026-08-05
23446,BKK Chaser Punch LRF,bkk,Mare,6.50,pescapromo.it,famiglia,6.75,esaurito,-3.7,https://pescapromo.it/t/teste-piombate/bkk-silent-chaser-punch-lrf-jighead-5pcs,2026-08-05
24618,BKK Complete Armor Point OCD Kit,bkk,Spinning e Casting,275.00,bassstoreitaly.com,famiglia,239.99,disponibile,+14.6,https://bassstoreitaly.com/it/bkk-fishing-hooks-complete-armor-point-ocd-kit,2026-08-05
24618,BKK Complete Armor Point OCD Kit,bkk,Spinning e Casting,275.00,pescapromo.it,famiglia,274.95,disponibile,+0.0,https://pescapromo.it/t/ami-per-predatori/sistema-di-stoccaggio-dei-materiali-bkk-complete-armor-point-ocd-kit,2026-08-05
23239,BKK DSS Worm,bkk,Spinning e Casting,4.50,bassstoreitaly.com,famiglia,4.40,disponibile,+2.3,https://bassstoreitaly.com/it/bkk-fishing-hooks-dss-worm,2026-08-05
23239,BKK DSS Worm,bkk,Spinning e Casting,4.50,pescapromo.it,famiglia,8.95,disponibile,-49.7,https://pescapromo.it/t/ami-drop-shot/amo-dropshot-bkk-dss-worm-uv-4-6-pezzi,2026-08-05
23242,BKK DSS Worm UVO,bkk,Spinning e Casting,4.50,bassstoreitaly.com,famiglia,4.29,esaurito,+4.9,https://bassstoreitaly.com/it/bkk-fishing-hooks-dss-worm-uvo,2026-08-05
26309,BKK Dropshot Armor Point,bkk,Spinning e Casting,5.50,bassstoreitaly.com,famiglia,6.49,disponibile,-15.3,https://bassstoreitaly.com/it/bkk-fishing-hooks-armor-point-dropshot-long-shank,2026-08-05
26268,BKK Dropshot Long Shank Armor Point,bkk,Spinning e Casting,6.49,bassstoreitaly.com,famiglia,6.49,disponibile,+0.0,https://bassstoreitaly.com/it/bkk-fishing-hooks-armor-point-dropshot-long-shank,2026-08-05
23370,BKK Duolock Snap 51,bkk,Mare,3.50,bassstoreitaly.com,esatto,4.10,disponibile,-14.6,https://bassstoreitaly.com/it/bkk-fishing-hooks-duolock-snap-51,2026-08-05
23370,BKK Duolock Snap 51,bkk,Mare,3.50,pescapromo.it,esatto,2.60,disponibile,+34.6,https://pescapromo.it/t/girelle-da-pesca/bkk-duolock-snap-51,2026-08-05
23228,BKK Native 12 BL SS,bkk,Spinning e Casting,8.50,bassstoreitaly.com,esatto,7.90,disponibile,+7.6,https://bassstoreitaly.com/it/bkk-fishing-hooks-native-12-bl-ss,2026-08-05
23220,BKK Native 12 SS,bkk,Spinning e Casting,8.50,bassstoreitaly.com,esatto,7.90,disponibile,+7.6,https://bassstoreitaly.com/it/bkk-fishing-hooks-native-12-bl-ss,2026-08-05
25234,BKK OCD Accessory Box-M,bkk,Luccio,4.99,bassstoreitaly.com,famiglia,4.54,disponibile,+9.9,https://bassstoreitaly.com/it/bkk-fishing-hooks-ocd-accessory-box,2026-08-05
25231,BKK OCD Accessory Box-S,bkk,Luccio,4.99,bassstoreitaly.com,famiglia,4.54,disponibile,+9.9,https://bassstoreitaly.com/it/bkk-fishing-hooks-ocd-accessory-box,2026-08-05
25220,BKK OCD Tackle System-A2,bkk,Luccio,24.99,pescapromo.it,famiglia,39.95,disponibile,-37.4,https://pescapromo.it/t/scatole-da-pesca/bkk-ocd-tackle-system-a2-loaded-m-incl-20xm-8xs-cassette,2026-08-05
25225,BKK OCD Tackle System-A2 Loaded,bkk,Luccio,39.00,pescapromo.it,famiglia,39.95,disponibile,-2.4,https://pescapromo.it/t/scatole-da-pesca/bkk-ocd-tackle-system-a2-loaded-m-incl-20xm-8xs-cassette,2026-08-05
23216,BKK Reefmaster NP,bkk,Mare,11.50,bassstoreitaly.com,famiglia,9.10,disponibile,+26.4,https://bassstoreitaly.com/it/bkk-fishing-hooks-reef-master-np,2026-08-05
23216,BKK Reefmaster NP,bkk,Mare,11.50,pescapromo.it,famiglia,9.50,esaurito,+21.1,https://pescapromo.it/t/ami-per-pesca-in-mare/bkk-sf-reefmaster-np-amo-lungo-da-pesca-di-mare,2026-08-05
23466,BKK Round Elite Classic,bkk,Siluro,4.10,pescapromo.it,famiglia,4.50,esaurito,-8.9,https://pescapromo.it/t/teste-piombate/bkk-round-elite-classic-bait-keeper-jighead-10g-3-pezzi,2026-08-05
26342,BKK Silent Chaser EWG,bkk,Luccio,6.50,pescapromo.it,famiglia,3.49,esaurito,+86.2,https://pescapromo.it/t/teste-piombate/bkk-silent-chaser-1x-ewg-round-head-jighead-1,2026-08-05
26236,BKK Siren,bkk,Spinning e Casting,4.95,bassstoreitaly.com,famiglia,4.77,esaurito,+3.8,https://bassstoreitaly.com/it/bkk-siren-worm-hook,2026-08-05
26236,BKK Siren,bkk,Spinning e Casting,4.95,pescapromo.it,famiglia,3.49,esaurito,+41.8,https://pescapromo.it/t/ami-per-predatori/ami-bkk-siren-worm-taglia-2-0-6-pezzi,2026-08-05
26235,BKK Siren #2/0,bkk,Spinning e Casting,4.95,bassstoreitaly.com,possibile,4.77,esaurito,+3.8,https://bassstoreitaly.com/it/bkk-siren-worm-hook,2026-08-05
26235,BKK Siren #2/0,bkk,Spinning e Casting,4.95,pescapromo.it,probabile,3.49,esaurito,+41.8,https://pescapromo.it/t/ami-per-predatori/ami-bkk-siren-worm-taglia-2-0-6-pezzi,2026-08-05
26229,BKK Siren #3/0,bkk,Spinning e Casting,4.95,bassstoreitaly.com,possibile,4.77,esaurito,+3.8,https://bassstoreitaly.com/it/bkk-siren-worm-hook,2026-08-05
26229,BKK Siren #3/0,bkk,Spinning e Casting,4.95,pescapromo.it,possibile,3.49,esaurito,+41.8,https://pescapromo.it/t/ami-per-predatori/ami-bkk-siren-worm-taglia-2-0-6-pezzi,2026-08-05
26233,BKK Siren #4/0,bkk,Spinning e Casting,4.95,bassstoreitaly.com,possibile,4.77,esaurito,+3.8,https://bassstoreitaly.com/it/bkk-siren-worm-hook,2026-08-05
26233,BKK Siren #4/0,bkk,Spinning e Casting,4.95,pescapromo.it,possibile,3.49,esaurito,+41.8,https://pescapromo.it/t/ami-per-predatori/ami-bkk-siren-worm-taglia-2-0-6-pezzi,2026-08-05
26234,BKK Siren #5/0,bkk,Spinning e Casting,4.95,bassstoreitaly.com,possibile,4.77,esaurito,+3.8,https://bassstoreitaly.com/it/bkk-siren-worm-hook,2026-08-05
26234,BKK Siren #5/0,bkk,Spinning e Casting,4.95,pescapromo.it,possibile,3.49,esaurito,+41.8,https://pescapromo.it/t/ami-per-predatori/ami-bkk-siren-worm-taglia-2-0-6-pezzi,2026-08-05
23310,BKK Spear 21 SS,bkk,Mare,8.90,bassstoreitaly.com,esatto,8.20,disponibile,+8.5,https://bassstoreitaly.com/it/bkk-fishing-hooks-spear-21-ss,2026-08-05
23310,BKK Spear 21 SS,bkk,Mare,8.90,pescapromo.it,esatto,8.95,disponibile,-0.6,https://pescapromo.it/t/ancorette/ancoretta-bkk-assist-spear-21-ss,2026-08-05
23326,BKK Spear 21 UVO,bkk,Mare,8.95,bassstoreitaly.com,esatto,8.80,disponibile,+1.7,https://bassstoreitaly.com/it/bkk-fishing-hooks-spear-21-uvo,2026-08-05
23326,BKK Spear 21 UVO,bkk,Mare,8.95,pescapromo.it,esatto,9.95,esaurito,-10.1,https://pescapromo.it/t/ancorette/ancoretta-bkk-assist-spear-21-uvo,2026-08-05
23471,BKK Split Ring 41,bkk,Mare,4.00,bassstoreitaly.com,esatto,3.61,disponibile,+10.8,https://bassstoreitaly.com/it/bkk-fishing-hooks-split-ring-41,2026-08-05
23471,BKK Split Ring 41,bkk,Mare,4.00,pescapromo.it,possibile,5.95,esaurito,-32.8,https://pescapromo.it/t/girelle-da-pesca/bkk-split-ring-51,2026-08-05
23384,BKK Split Ring 51,bkk,Mare,7.00,bassstoreitaly.com,esatto,6.80,disponibile,+2.9,https://bassstoreitaly.com/it/bkk-fishing-hooks-split-ring-51,2026-08-05
23384,BKK Split Ring 51,bkk,Mare,7.00,pescapromo.it,esatto,5.95,esaurito,+17.6,https://pescapromo.it/t/girelle-da-pesca/bkk-split-ring-51,2026-08-05
26287,BKK Titan Diver,bkk,Luccio,8.90,bassstoreitaly.com,famiglia,9.10,disponibile,-2.2,https://bassstoreitaly.com/it/bkk-fishing-hooks-titan-diver-,2026-08-05
26287,BKK Titan Diver,bkk,Luccio,8.90,pescapromo.it,famiglia,7.95,esaurito,+11.9,https://pescapromo.it/t/ami-per-predatori/ami-bkk-titandiver-gold,2026-08-05
32533,BKK Trailer Hook,bkk,Luccio,4.99,bassstoreitaly.com,famiglia,4.40,disponibile,+13.4,https://bassstoreitaly.com/it/bkk-fishing-hooks-trailer-hook,2026-08-05
32533,BKK Trailer Hook,bkk,Luccio,4.99,pescapromo.it,famiglia,4.95,disponibile,+0.8,https://pescapromo.it/t/ami-per-predatori/bkk-trailer-hook-5pcs,2026-08-05
23342,BKK Trigger 21,bkk,Siluro,9.50,bassstoreitaly.com,esatto,9.50,disponibile,+0.0,https://bassstoreitaly.com/it/bkk-fishing-hooks-bb-trigger-21,2026-08-05
23342,BKK Trigger 21,bkk,Siluro,9.50,pescapromo.it,esatto,10.95,disponibile,-13.2,https://pescapromo.it/t/terminali-con-stingers/bkk-bb-trigger-21-stinger-rig,2026-08-05
23346,BKK Trigger 21 UVO,bkk,Siluro,11.90,pescapromo.it,esatto,11.95,disponibile,-0.4,https://pescapromo.it/t/terminali-con-stingers/bkk-bb-trigger-21-stinger-rig-uvo,2026-08-05
23360,BKK Trigger Lead,bkk,Siluro,4.80,bassstoreitaly.com,famiglia,3.33,disponibile,+44.1,https://bassstoreitaly.com/it/bkk-fishing-hooks-bb-trigger-lead,2026-08-05
23418,BKK Viper 41,bkk,Mare,11.55,pescapromo.it,possibile,29.95,disponibile,-61.4,https://pescapromo.it/t/ancorette/ancorette-bkk-viper-61,2026-08-05
27979,Favorite Alligator Casting,favorite,Luccio,245.00,bassstoreitaly.com,famiglia,234.99,disponibile,+4.3,https://bassstoreitaly.com/it/favorite-alligator-casting,2026-08-05
30789,Favorite Alligator Travel,favorite,Luccio,274.00,bassstoreitaly.com,famiglia,257.89,disponibile,+6.2,https://bassstoreitaly.com/it/favorite-alligator-travel-casting,2026-08-05
22535,Favorite Creed,favorite,Spinning e Casting,125.00,bassstoreitaly.com,famiglia,201.00,disponibile,-37.8,https://bassstoreitaly.com/it/favorite-creed-sw-spinning,2026-08-05
17276,Favorite White Bird,favorite,Mare,59.90,bassstoreitaly.com,famiglia,57.99,disponibile,+3.3,https://bassstoreitaly.com/it/favorite-white-bird-spinning,2026-08-05
17294,Favorite X1 PRO,favorite,Canne,85.00,bassstoreitaly.com,famiglia,68.49,disponibile,+24.1,https://bassstoreitaly.com/it/favorite-x1-pro-spinning,2026-08-05
21053,Fladen Predator Jerk Cm 12 Gr 50,fladen,Siluro,7.50,pescapromo.it,possibile,3.96,esaurito,+89.4,https://pescapromo.it/t/jerkbaits/fladen-predator-jerk-25gr,2026-08-05
16814,Fladen Wading Jacket,fladen,Abbigliamento,189.00,pescapromo.it,famiglia,71.96,disponibile,+162.6,https://pescapromo.it/t/giacche-da-pesca/fladen-authentic-wading-jacket,2026-08-05
24564,Giacca Fladen Authentic 5.0 Olive,fladen,Abbigliamento,165.00,pescapromo.it,esatto,96.42,disponibile,+71.1,https://pescapromo.it/t/giacche-da-pesca/giacca-da-pesca-fladen-jacket-authentic-5-0-olive,2026-08-05
24286,Hart Canna Nation Cat,hart,Siluro,79.00,pescapromo.it,famiglia,62.95,disponibile,+25.5,https://pescapromo.it/t/mulinelli/mulinello-da-pesce-gatto-hart-nation-cat-8000,2026-08-05
31390,Major Craft Ceana Italy Edition,major-craft,Luccio,135.00,bassstoreitaly.com,famiglia,124.99,disponibile,+8.0,https://bassstoreitaly.com/it/major-craft-ceana-italy-edition,2026-08-05
31390,Major Craft Ceana Italy Edition,major-craft,Luccio,135.00,mondo-pesca.it (ora escaepescashop.it),famiglia,129.00,disponibile,+4.7,https://escaepescashop.it/prodotto/major-craft-ceana-italy-edition/,2026-08-05
26592,Mulinello Ceana Major Craft,major-craft,Luccio,110.00,bassstoreitaly.com,famiglia,124.99,disponibile,-12.0,https://bassstoreitaly.com/it/major-craft-ceana-italy-edition,2026-08-05
26592,Mulinello Ceana Major Craft,major-craft,Luccio,110.00,mondo-pesca.it (ora escaepescashop.it),famiglia,99.00,disponibile,+11.1,https://escaepescashop.it/prodotto/major-craft-ceana-fw-spinning/,2026-08-05
26592,Mulinello Ceana Major Craft,major-craft,Luccio,110.00,pescapromo.it,famiglia,94.95,disponibile,+15.9,https://pescapromo.it/t/canne-da-baitcasting/canna-da-baitcasting-major-craft-ceana-2-05m-7-28g,2026-08-05
27161,Mikado Cat Territory,mikado,Luccio,59.00,pescapromo.it,famiglia,43.95,esaurito,+34.2,https://pescapromo.it/t/mulinelli/mulinello-mikado-cat-territory,2026-08-05
12751,"Molix Caleo Craw 4""",molix,Creature & Craw,4.50,bassstoreitaly.com,possibile,6.99,disponibile,-35.6,https://bassstoreitaly.com/it/molix-caleo-craw,2026-08-05
12751,"Molix Caleo Craw 4""",molix,Creature & Craw,4.50,webpesca.it,possibile,6.39,esaurito,-29.6,https://www.webpesca.it/shop/artificiale-craw-molix-caleo-craw-10-cm-green-shimmering/,2026-08-05
12764,"Molix Craw Flex 3""",molix,Creature & Craw,6.98,bassstoreitaly.com,possibile,7.99,disponibile,-12.6,https://bassstoreitaly.com/it/molix-craw-flex,2026-08-05
12764,"Molix Craw Flex 3""",molix,Creature & Craw,6.98,webpesca.it,probabile,4.80,esaurito,+45.4,https://www.webpesca.it/shop/artificiale-craw-molix-flex-3-7-5-cm-blu-notte/,2026-08-05
14873,"Molix Creature 4""",molix,Creature & Craw,8.90,bassstoreitaly.com,possibile,8.35,disponibile,+6.6,https://bassstoreitaly.com/it/molix-creature,2026-08-05
14873,"Molix Creature 4""",molix,Creature & Craw,8.90,pescapromo.it,probabile,3.49,esaurito,+155.0,https://pescapromo.it/t/creature-baits/molix-sc-bug-4-5-pezzi,2026-08-05
12797,Molix Elite Area Spoon Gr 0.8,molix,Spoon,6.50,bassstoreitaly.com,possibile,5.99,disponibile,+8.5,https://bassstoreitaly.com/it/ondulanti-molix-elite-trout-area-spoon,2026-08-05
12797,Molix Elite Area Spoon Gr 0.8,molix,Spoon,6.50,mondo-pesca.it (ora escaepescashop.it),possibile,7.02,disponibile,-7.4,https://escaepescashop.it/prodotto/molix-elite-area-spoon/,2026-08-05
12767,Molix Finder Jerk 150,molix,Jerkbait,17.69,bassstoreitaly.com,esatto,18.60,disponibile,-4.9,https://bassstoreitaly.com/it/molix-finder-jerk-evo-150-ss,2026-08-05
12767,Molix Finder Jerk 150,molix,Jerkbait,17.69,mondo-pesca.it (ora escaepescashop.it),possibile,15.10,esaurito,+17.2,https://escaepescashop.it/prodotto/molix-finder-jerk-110sls/,2026-08-05
12767,Molix Finder Jerk 150,molix,Jerkbait,17.69,pescapromo.it,possibile,17.69,disponibile,+0.0,https://pescapromo.it/t/esche-artificiali-minnow/molix-finder-jerk-evo-110-sp-suspending-crankbait-11cm-95g,2026-08-05
12767,Molix Finder Jerk 150,molix,Jerkbait,17.69,webpesca.it,possibile,16.80,esaurito,+5.3,https://www.webpesca.it/shop/artificiale-jerkbait-molix-finder-jerk-15-cm-22-gr-bianco-ionio/,2026-08-05
25504,Molix Finder Jerk EVO 110 Suspending Cm 11 Gr 9.5,molix,Luccio,18.88,pescapromo.it,possibile,17.69,disponibile,+6.7,https://pescapromo.it/t/esche-artificiali-minnow/molix-finder-jerk-evo-110-sp-suspending-crankbait-11cm-95g,2026-08-05
25290,Molix Finder Jerk EVO 125 F cm 12.5 gr 15,molix,Mare,18.95,bassstoreitaly.com,possibile,16.49,disponibile,+14.9,https://bassstoreitaly.com/it/molix-finder-jerk-evo-110,2026-08-05
25290,Molix Finder Jerk EVO 125 F cm 12.5 gr 15,molix,Mare,18.95,pescapromo.it,possibile,17.69,disponibile,+7.1,https://pescapromo.it/t/esche-artificiali-minnow/molix-finder-jerk-evo-110-sp-suspending-crankbait-11cm-95g,2026-08-05
25290,Molix Finder Jerk EVO 125 F cm 12.5 gr 15,molix,Mare,18.95,webpesca.it,possibile,15.92,esaurito,+19.0,https://www.webpesca.it/shop/artificiale-jerkbait-molix-finder-jerk-evo-11-cm-10-gr-cefalo/,2026-08-05
25878,Molix Finder Jerk EVO 150 SS,molix,Luccio,18.85,bassstoreitaly.com,esatto,18.60,disponibile,+1.3,https://bassstoreitaly.com/it/molix-finder-jerk-evo-150-ss,2026-08-05
32109,Molix Finder Jerk EVO 90 SP ,molix,Mare,17.98,pescapromo.it,possibile,17.69,disponibile,+1.6,https://pescapromo.it/t/esche-artificiali-minnow/molix-finder-jerk-evo-110-sp-suspending-crankbait-11cm-95g,2026-08-05
14925,Molix Fioretto Speciale,molix,Monopezzo,359.50,bassstoreitaly.com,famiglia,582.99,esaurito,-38.3,https://bassstoreitaly.com/it/molix-fioretto-speciale-jackfin-stikbait-spinning,2026-08-05
24349,Molix Fioretto Trofeo Casting,molix,Luccio,249.00,bassstoreitaly.com,famiglia,199.99,disponibile,+24.5,https://bassstoreitaly.com/it/molix-fioretto-trofeo,2026-08-05
14192,Molix Fluorocarbon 70 MT,molix,Fili Fluorocarbon,13.00,bassstoreitaly.com,possibile,13.99,disponibile,-7.1,https://bassstoreitaly.com/it/molix-fc-plus-fluorocarbon,2026-08-05
14192,Molix Fluorocarbon 70 MT,molix,Fili Fluorocarbon,13.00,mondo-pesca.it (ora escaepescashop.it),possibile,10.80,disponibile,+20.4,https://escaepescashop.it/prodotto/molix-fluorocarbon/,2026-08-05
12820,"Molix Freaky Craw 2.8""",molix,Creature & Craw,6.79,bassstoreitaly.com,possibile,5.99,disponibile,+13.4,https://bassstoreitaly.com/it/molix-freaky-craw,2026-08-05
12820,"Molix Freaky Craw 2.8""",molix,Creature & Craw,6.79,mondo-pesca.it (ora escaepescashop.it),esatto,7.55,disponibile,-10.1,https://escaepescashop.it/prodotto/molix-freaky-craw-28/,2026-08-05
12820,"Molix Freaky Craw 2.8""",molix,Creature & Craw,6.79,webpesca.it,possibile,6.00,disponibile,+13.2,https://www.webpesca.it/shop/artificiale-craw-molix-freaky-craw-4-10-cm-black-blue/,2026-08-05
12808,"Molix Freaky Craw 4""",molix,Creature & Craw,6.79,bassstoreitaly.com,possibile,5.99,disponibile,+13.4,https://bassstoreitaly.com/it/molix-freaky-craw,2026-08-05
12808,"Molix Freaky Craw 4""",molix,Creature & Craw,6.79,mondo-pesca.it (ora escaepescashop.it),esatto,7.50,disponibile,-9.5,https://escaepescashop.it/prodotto/molix-freaky-craw-4/,2026-08-05
12808,"Molix Freaky Craw 4""",molix,Creature & Craw,6.79,webpesca.it,esatto,6.00,disponibile,+13.2,https://www.webpesca.it/shop/artificiale-craw-molix-freaky-craw-4-10-cm-black-blue/,2026-08-05
12828,"Molix Freaky Flex 3""",molix,Creature & Craw,6.29,bassstoreitaly.com,possibile,6.09,disponibile,+3.3,https://bassstoreitaly.com/it/molix-freaky-flex,2026-08-05
12828,"Molix Freaky Flex 3""",molix,Creature & Craw,6.29,webpesca.it,probabile,6.36,esaurito,-1.1,https://www.webpesca.it/shop/artificiale-craw-molix-freaky-flex-3-7-5-cm-mixed-pack/,2026-08-05
12862,"Molix Freaky Flip 4""",molix,Creature & Craw,6.59,bassstoreitaly.com,possibile,6.49,disponibile,+1.5,https://bassstoreitaly.com/it/molix-freaky-flip,2026-08-05
25874,Molix Glide Bait 130 Dying,molix,Spinning e Casting,29.99,bassstoreitaly.com,esatto,23.79,disponibile,+26.1,https://bassstoreitaly.com/it/molix-glide-bait-130-dying,2026-08-05
25874,Molix Glide Bait 130 Dying,molix,Spinning e Casting,29.99,webpesca.it,possibile,26.80,esaurito,+11.9,https://www.webpesca.it/shop/artificiale-swimbait-molix-glide-bait-f-dying-13-cm-25-gr-whiting/,2026-08-05
20631,Molix Glide Bait 130 Floating,molix,Siluro,27.90,webpesca.it,possibile,25.74,esaurito,+8.4,https://www.webpesca.it/shop/artificiale-swimbait-molix-glide-bait-floating-13-cm-25-gr-mx-blue/,2026-08-05
20672,Molix Glide Bait 130 Slow Sinking,molix,Siluro,27.90,pescapromo.it,esatto,25.60,disponibile,+9.0,https://pescapromo.it/t/swimbaits/molix-glide-bait-130-slow-sinking-swimbait-13cm-30g,2026-08-05
12835,Molix Glide Bait 140 Floating,molix,Swimbait,31.50,webpesca.it,possibile,25.74,esaurito,+22.4,https://www.webpesca.it/shop/artificiale-swimbait-molix-glide-bait-floating-13-cm-25-gr-mx-blue/,2026-08-05
12843,Molix Glide Bait 140 Floating Lip,molix,Swimbait,31.50,webpesca.it,possibile,33.15,esaurito,-5.0,https://www.webpesca.it/shop/artificiale-swimbait-molix-glide-bait-lip-floating-17-8-cm-73-gr-live-carp/,2026-08-05
26873,Molix Glide Bait 140 Slow Sinking Cm 14 Gr 68,molix,Luccio,29.88,pescapromo.it,possibile,25.60,disponibile,+16.7,https://pescapromo.it/t/swimbaits/molix-glide-bait-130-slow-sinking-swimbait-13cm-30g,2026-08-05
12849,Molix Glide Bait 178 Floating,molix,Swimbait,26.98,webpesca.it,possibile,25.74,esaurito,+4.8,https://www.webpesca.it/shop/artificiale-swimbait-molix-glide-bait-floating-13-cm-25-gr-mx-blue/,2026-08-05
12791,Molix Glide Bait 178 Slow Sinking,molix,Swimbait,29.98,pescapromo.it,esatto,30.35,disponibile,-1.2,https://pescapromo.it/t/swimbaits/molix-glide-bait-178-slow-sinking,2026-08-05
30697,Molix Glide Bait 90 SS CM 9 Gr 12.5,molix,Siluro,17.98,mondo-pesca.it (ora escaepescashop.it),possibile,18.90,disponibile,-4.9,https://escaepescashop.it/prodotto/molix-glide-bait-90-ss/,2026-08-05
12878,Molix Hybrid Swimmer 165,molix,Luccio,17.99,bassstoreitaly.com,esatto,14.59,disponibile,+23.3,https://bassstoreitaly.com/it/molix-hybrid-swimmer-165,2026-08-05
12878,Molix Hybrid Swimmer 165,molix,Luccio,17.99,webpesca.it,possibile,16.00,esaurito,+12.4,https://www.webpesca.it/shop/artificiale-shad-molix-hybrid-swimmer-16-5-cm-70-gr-chartreuse/,2026-08-05
12952,Molix Hyper Split Ring,molix,Girelle & Moschettoni,5.90,bassstoreitaly.com,famiglia,5.49,disponibile,+7.5,https://bassstoreitaly.com/it/molix-hyper-split-ring,2026-08-05
12957,Molix Insert Tungsten,molix,Piombi,5.90,bassstoreitaly.com,famiglia,5.99,disponibile,-1.5,https://bassstoreitaly.com/it/molix-tungsten-insert-2,2026-08-05
31765,Molix Jubarino Cm 5 Gr 2.5,molix,Spinning e Casting,11.95,bassstoreitaly.com,possibile,10.99,disponibile,+8.7,https://bassstoreitaly.com/it/molix-jubarino-,2026-08-05
31765,Molix Jubarino Cm 5 Gr 2.5,molix,Spinning e Casting,11.95,mondo-pesca.it (ora escaepescashop.it),possibile,13.00,disponibile,-8.1,https://escaepescashop.it/prodotto/molix-jubarino-area-cm-5/,2026-08-05
31765,Molix Jubarino Cm 5 Gr 2.5,molix,Spinning e Casting,11.95,webpesca.it,esatto,10.80,esaurito,+10.6,https://www.webpesca.it/shop/artificiale-jerkbait-molix-jubarino-5-cm-2-5-gr-chart-black/,2026-08-05
15439,Molix Jugulo Casting Jig Gr 40,molix,Metal Jig,13.75,bassstoreitaly.com,possibile,12.18,disponibile,+12.9,https://bassstoreitaly.com/it/molix-jugulo-metal-jig,2026-08-05
15439,Molix Jugulo Casting Jig Gr 40,molix,Metal Jig,13.75,mondo-pesca.it (ora escaepescashop.it),possibile,8.28,disponibile,+66.1,https://escaepescashop.it/prodotto/molix-jugulo-casting-jig/,2026-08-05
15439,Molix Jugulo Casting Jig Gr 40,molix,Metal Jig,13.75,webpesca.it,possibile,13.88,disponibile,-0.9,https://www.webpesca.it/shop/artificiale-metal-jig-molix-jugulo-casting-jig-10-5-cm-60-gr-blue-sarda/,2026-08-05
15424,Molix Jugulo Casting Jig Gr. 15,molix,Metal Jig,11.50,bassstoreitaly.com,possibile,12.18,disponibile,-5.6,https://bassstoreitaly.com/it/molix-jugulo-metal-jig,2026-08-05
15424,Molix Jugulo Casting Jig Gr. 15,molix,Metal Jig,11.50,mondo-pesca.it (ora escaepescashop.it),possibile,8.28,disponibile,+38.9,https://escaepescashop.it/prodotto/molix-jugulo-casting-jig/,2026-08-05
15424,Molix Jugulo Casting Jig Gr. 15,molix,Metal Jig,11.50,webpesca.it,possibile,13.88,disponibile,-17.1,https://www.webpesca.it/shop/artificiale-metal-jig-molix-jugulo-casting-jig-10-5-cm-60-gr-blue-sarda/,2026-08-05
15113,Molix Jugulo Casting Jig Gr. 20,molix,Metal Jig,12.50,bassstoreitaly.com,possibile,12.18,disponibile,+2.6,https://bassstoreitaly.com/it/molix-jugulo-metal-jig,2026-08-05
15113,Molix Jugulo Casting Jig Gr. 20,molix,Metal Jig,12.50,mondo-pesca.it (ora escaepescashop.it),possibile,8.28,disponibile,+51.0,https://escaepescashop.it/prodotto/molix-jugulo-casting-jig/,2026-08-05
15113,Molix Jugulo Casting Jig Gr. 20,molix,Metal Jig,12.50,webpesca.it,possibile,13.88,disponibile,-9.9,https://www.webpesca.it/shop/artificiale-metal-jig-molix-jugulo-casting-jig-10-5-cm-60-gr-blue-sarda/,2026-08-05
15431,Molix Jugulo Casting Jig Gr. 25,molix,Metal Jig,12.90,bassstoreitaly.com,possibile,12.18,disponibile,+5.9,https://bassstoreitaly.com/it/molix-jugulo-metal-jig,2026-08-05
15431,Molix Jugulo Casting Jig Gr. 25,molix,Metal Jig,12.90,mondo-pesca.it (ora escaepescashop.it),possibile,8.28,disponibile,+55.8,https://escaepescashop.it/prodotto/molix-jugulo-casting-jig/,2026-08-05
15431,Molix Jugulo Casting Jig Gr. 25,molix,Metal Jig,12.90,webpesca.it,possibile,13.88,disponibile,-7.1,https://www.webpesca.it/shop/artificiale-metal-jig-molix-jugulo-casting-jig-10-5-cm-60-gr-blue-sarda/,2026-08-05
15434,Molix Jugulo Casting Jig Gr. 30,molix,Metal Jig,13.30,bassstoreitaly.com,possibile,12.18,disponibile,+9.2,https://bassstoreitaly.com/it/molix-jugulo-metal-jig,2026-08-05
15434,Molix Jugulo Casting Jig Gr. 30,molix,Metal Jig,13.30,mondo-pesca.it (ora escaepescashop.it),possibile,8.28,disponibile,+60.6,https://escaepescashop.it/prodotto/molix-jugulo-casting-jig/,2026-08-05
15434,Molix Jugulo Casting Jig Gr. 30,molix,Metal Jig,13.30,webpesca.it,possibile,13.88,disponibile,-4.2,https://www.webpesca.it/shop/artificiale-metal-jig-molix-jugulo-casting-jig-10-5-cm-60-gr-blue-sarda/,2026-08-05
25928,Molix Jugulo Plus Casting Jig Gr 10,molix,Mare,10.90,bassstoreitaly.com,possibile,9.49,disponibile,+14.9,https://bassstoreitaly.com/it/molix-jugulo-plus-casting-jig,2026-08-05
25928,Molix Jugulo Plus Casting Jig Gr 10,molix,Mare,10.90,webpesca.it,probabile,15.52,esaurito,-29.8,https://www.webpesca.it/shop/artificiale-metal-jig-molix-jugulo-plus-casting-10-5-cm-60-gr-crazy-pink/,2026-08-05
25935,Molix Jugulo Plus Casting Jig Gr 20,molix,Mare,12.95,bassstoreitaly.com,possibile,9.49,disponibile,+36.5,https://bassstoreitaly.com/it/molix-jugulo-plus-casting-jig,2026-08-05
25935,Molix Jugulo Plus Casting Jig Gr 20,molix,Mare,12.95,webpesca.it,possibile,15.52,esaurito,-16.6,https://www.webpesca.it/shop/artificiale-metal-jig-molix-jugulo-plus-casting-10-5-cm-60-gr-crazy-pink/,2026-08-05
25941,Molix Jugulo Plus Casting Jig Gr 30,molix,Mare,13.50,bassstoreitaly.com,possibile,9.49,disponibile,+42.3,https://bassstoreitaly.com/it/molix-jugulo-plus-casting-jig,2026-08-05
25941,Molix Jugulo Plus Casting Jig Gr 30,molix,Mare,13.50,webpesca.it,possibile,15.52,esaurito,-13.0,https://www.webpesca.it/shop/artificiale-metal-jig-molix-jugulo-plus-casting-10-5-cm-60-gr-crazy-pink/,2026-08-05
25953,Molix Jugulo Plus Casting Jig Gr 40,molix,Mare,14.50,bassstoreitaly.com,possibile,9.49,disponibile,+52.8,https://bassstoreitaly.com/it/molix-jugulo-plus-casting-jig,2026-08-05
25953,Molix Jugulo Plus Casting Jig Gr 40,molix,Mare,14.50,webpesca.it,possibile,15.52,esaurito,-6.6,https://www.webpesca.it/shop/artificiale-metal-jig-molix-jugulo-plus-casting-10-5-cm-60-gr-crazy-pink/,2026-08-05
25963,Molix Jugulo Plus Casting Jig Gr 60,molix,Mare,16.20,bassstoreitaly.com,possibile,9.49,disponibile,+70.7,https://bassstoreitaly.com/it/molix-jugulo-plus-casting-jig,2026-08-05
25963,Molix Jugulo Plus Casting Jig Gr 60,molix,Mare,16.20,webpesca.it,esatto,15.52,esaurito,+4.4,https://www.webpesca.it/shop/artificiale-metal-jig-molix-jugulo-plus-casting-10-5-cm-60-gr-crazy-pink/,2026-08-05
25972,Molix Jugulo Plus Casting Jig Gr 80,molix,Mare,16.20,bassstoreitaly.com,possibile,9.49,disponibile,+70.7,https://bassstoreitaly.com/it/molix-jugulo-plus-casting-jig,2026-08-05
25972,Molix Jugulo Plus Casting Jig Gr 80,molix,Mare,16.20,webpesca.it,possibile,15.52,esaurito,+4.4,https://www.webpesca.it/shop/artificiale-metal-jig-molix-jugulo-plus-casting-10-5-cm-60-gr-crazy-pink/,2026-08-05
12893,Molix Jugulo Wide Casting Jig Gr 10,molix,Metal Jig,10.50,bassstoreitaly.com,possibile,8.99,disponibile,+16.8,https://bassstoreitaly.com/it/molix-jugulo-wide-casting-jig,2026-08-05
12893,Molix Jugulo Wide Casting Jig Gr 10,molix,Metal Jig,10.50,webpesca.it,possibile,10.12,esaurito,+3.8,https://www.webpesca.it/shop/artificiale-metal-jig-molix-jugulo-wide-casting-2-8-cm-3-gr-brown-back/,2026-08-05
25729,Molix Jugulo Wide Casting Jig Gr 30,molix,Mare,13.50,bassstoreitaly.com,possibile,8.99,disponibile,+50.2,https://bassstoreitaly.com/it/molix-jugulo-wide-casting-jig,2026-08-05
25729,Molix Jugulo Wide Casting Jig Gr 30,molix,Mare,13.50,webpesca.it,possibile,10.12,esaurito,+33.4,https://www.webpesca.it/shop/artificiale-metal-jig-molix-jugulo-wide-casting-2-8-cm-3-gr-brown-back/,2026-08-05
14827,Molix Jugulo Wide Casting Jig Gr 60,molix,Metal Jig,15.90,bassstoreitaly.com,possibile,8.99,disponibile,+76.9,https://bassstoreitaly.com/it/molix-jugulo-wide-casting-jig,2026-08-05
14827,Molix Jugulo Wide Casting Jig Gr 60,molix,Metal Jig,15.90,webpesca.it,possibile,10.12,esaurito,+57.1,https://www.webpesca.it/shop/artificiale-metal-jig-molix-jugulo-wide-casting-2-8-cm-3-gr-brown-back/,2026-08-05
12886,Molix Jugulo Wide Casting Jig Gr 7,molix,Metal Jig,10.50,bassstoreitaly.com,possibile,8.99,disponibile,+16.8,https://bassstoreitaly.com/it/molix-jugulo-wide-casting-jig,2026-08-05
12886,Molix Jugulo Wide Casting Jig Gr 7,molix,Metal Jig,10.50,webpesca.it,possibile,10.12,esaurito,+3.8,https://www.webpesca.it/shop/artificiale-metal-jig-molix-jugulo-wide-casting-2-8-cm-3-gr-brown-back/,2026-08-05
12921,Molix Jugulo Wide Casting Jig Gr. 20,molix,Metal Jig,12.95,bassstoreitaly.com,possibile,8.99,disponibile,+44.0,https://bassstoreitaly.com/it/molix-jugulo-wide-casting-jig,2026-08-05
12921,Molix Jugulo Wide Casting Jig Gr. 20,molix,Metal Jig,12.95,webpesca.it,possibile,10.12,esaurito,+28.0,https://www.webpesca.it/shop/artificiale-metal-jig-molix-jugulo-wide-casting-2-8-cm-3-gr-brown-back/,2026-08-05
14913,Molix Outset Casting Series,molix,Monopezzo,152.98,bassstoreitaly.com,famiglia,134.99,disponibile,+13.3,https://bassstoreitaly.com/it/molix-outset-all-round-series-spinning,2026-08-05
20454,Molix Pop Frog Cm 6.5 Gr 18,molix,Spinning e Casting,13.48,bassstoreitaly.com,possibile,12.60,disponibile,+7.0,https://bassstoreitaly.com/it/molix-pop-frog,2026-08-05
20454,Molix Pop Frog Cm 6.5 Gr 18,molix,Spinning e Casting,13.48,webpesca.it,esatto,13.60,esaurito,-0.9,https://www.webpesca.it/shop/artificiale-rana-molix-pop-frog-6-5-cm-18-gr-bone/,2026-08-05
30737,Molix RA Shad 4 Flat,molix,Mare,7.99,bassstoreitaly.com,possibile,6.95,disponibile,+15.0,https://bassstoreitaly.com/it/molix-ra-shad-flat,2026-08-05
12897,"Molix RT Fork Flex 3""",molix,Siliconici,7.18,bassstoreitaly.com,possibile,6.99,disponibile,+2.7,https://bassstoreitaly.com/it/molix_rt_fork_flex,2026-08-05
12897,"Molix RT Fork Flex 3""",molix,Siliconici,7.18,mondo-pesca.it (ora escaepescashop.it),esatto,7.98,disponibile,-10.0,https://escaepescashop.it/prodotto/molix-rt-fork-flex-3/,2026-08-05
12897,"Molix RT Fork Flex 3""",molix,Siliconici,7.18,webpesca.it,probabile,4.86,esaurito,+47.7,https://www.webpesca.it/shop/artificiale-stickbait-molix-rt-fork-flex-3-7-5-cm-mixed-color/,2026-08-05
12939,"Molix RT Fork Flex 4""",molix,Siliconici,9.45,bassstoreitaly.com,possibile,6.99,disponibile,+35.2,https://bassstoreitaly.com/it/molix_rt_fork_flex,2026-08-05
12939,"Molix RT Fork Flex 4""",molix,Siliconici,9.45,mondo-pesca.it (ora escaepescashop.it),possibile,7.98,disponibile,+18.4,https://escaepescashop.it/prodotto/molix-rt-fork-flex-3/,2026-08-05
12939,"Molix RT Fork Flex 4""",molix,Siliconici,9.45,webpesca.it,esatto,6.60,esaurito,+43.2,https://www.webpesca.it/shop/artificiale-swimbait-molix-rt-fork-flex-4-10-cm-clear-chart/,2026-08-05
12908,"Molix RT Fork Flex 5""",molix,Siliconici,8.98,bassstoreitaly.com,possibile,6.99,disponibile,+28.5,https://bassstoreitaly.com/it/molix_rt_fork_flex,2026-08-05
12908,"Molix RT Fork Flex 5""",molix,Siliconici,8.98,mondo-pesca.it (ora escaepescashop.it),possibile,7.98,disponibile,+12.5,https://escaepescashop.it/prodotto/molix-rt-fork-flex-3/,2026-08-05
12908,"Molix RT Fork Flex 5""",molix,Siliconici,8.98,webpesca.it,probabile,4.86,esaurito,+84.8,https://www.webpesca.it/shop/artificiale-stickbait-molix-rt-fork-flex-3-7-5-cm-mixed-color/,2026-08-05
12923,"Molix RT Fork Flex 6""",molix,Shad,10.78,bassstoreitaly.com,possibile,6.99,disponibile,+54.2,https://bassstoreitaly.com/it/molix_rt_fork_flex,2026-08-05
12923,"Molix RT Fork Flex 6""",molix,Shad,10.78,mondo-pesca.it (ora escaepescashop.it),possibile,7.98,disponibile,+35.1,https://escaepescashop.it/prodotto/molix-rt-fork-flex-3/,2026-08-05
12923,"Molix RT Fork Flex 6""",molix,Shad,10.78,webpesca.it,possibile,4.86,esaurito,+121.8,https://www.webpesca.it/shop/artificiale-stickbait-molix-rt-fork-flex-3-7-5-cm-mixed-color/,2026-08-05
26420,"Molix RT Shad 4"" Slim",molix,Mare,10.50,bassstoreitaly.com,possibile,8.69,disponibile,+20.8,https://bassstoreitaly.com/it/molix-rt-shad-slim,2026-08-05
26420,"Molix RT Shad 4"" Slim",molix,Mare,10.50,pescapromo.it,esatto,10.25,disponibile,+2.4,https://pescapromo.it/t/shads/molix-rt-shad-4-slim-shad-10cm-5-pezzi,2026-08-05
26420,"Molix RT Shad 4"" Slim",molix,Mare,10.50,webpesca.it,esatto,10.32,esaurito,+1.7,https://www.webpesca.it/shop/artificiale-shad-molix-rt-shad-slim-4-10-cm-mixed-pack-1/,2026-08-05
14095,"Molix Ra Grub 6""",molix,Luccio,8.98,bassstoreitaly.com,esatto,7.99,disponibile,+12.4,https://bassstoreitaly.com/it/molix-ra-grub-6,2026-08-05
14938,"Molix Ra Shad 2""",molix,Siliconici,6.70,bassstoreitaly.com,possibile,7.69,disponibile,-12.9,https://bassstoreitaly.com/it/molix-ra-shad-fat,2026-08-05
14938,"Molix Ra Shad 2""",molix,Siliconici,6.70,mondo-pesca.it (ora escaepescashop.it),esatto,6.95,disponibile,-3.6,https://escaepescashop.it/prodotto/molix-ra-shad-2/,2026-08-05
14952,"Molix Ra Shad 2.5""",molix,Siliconici,7.10,bassstoreitaly.com,possibile,7.69,disponibile,-7.7,https://bassstoreitaly.com/it/molix-ra-shad-fat,2026-08-05
14952,"Molix Ra Shad 2.5""",molix,Siliconici,7.10,mondo-pesca.it (ora escaepescashop.it),esatto,7.50,disponibile,-5.3,https://escaepescashop.it/prodotto/molix-ra-shad-25/,2026-08-05
14966,"Molix Ra Shad 3""",molix,Siliconici,7.30,bassstoreitaly.com,possibile,7.69,disponibile,-5.1,https://bassstoreitaly.com/it/molix-ra-shad-fat,2026-08-05
15047,"Molix Ra Shad 3"" Fat",molix,Siliconici,8.10,bassstoreitaly.com,possibile,7.69,disponibile,+5.3,https://bassstoreitaly.com/it/molix-ra-shad-fat,2026-08-05
14972,"Molix Ra Shad 3.5""",molix,Siliconici,7.30,bassstoreitaly.com,possibile,7.69,disponibile,-5.1,https://bassstoreitaly.com/it/molix-ra-shad-fat,2026-08-05
14984,"Molix Ra Shad 3.8""",molix,Siliconici,8.50,bassstoreitaly.com,possibile,7.69,disponibile,+10.5,https://bassstoreitaly.com/it/molix-ra-shad-fat,2026-08-05
15053,"Molix Ra Shad 4.5""",molix,Siliconici,8.98,bassstoreitaly.com,possibile,7.69,disponibile,+16.8,https://bassstoreitaly.com/it/molix-ra-shad-fat,2026-08-05
14043,"Molix Ra Twin 4"" Bulk",molix,Grub,1.15,bassstoreitaly.com,possibile,1.04,disponibile,+10.6,https://bassstoreitaly.com/it/molix-ra-twin-bulk,2026-08-05
14065,"Molix Ra Twin 8"" Bulk",molix,Grub,1.90,bassstoreitaly.com,possibile,1.04,disponibile,+82.7,https://bassstoreitaly.com/it/molix-ra-twin-bulk,2026-08-05
14264,Molix Rod Case,molix,Foderi Portacanne,23.85,bassstoreitaly.com,famiglia,23.80,esaurito,+0.2,https://bassstoreitaly.com/it/molix-rod-case,2026-08-05
16071,Molix S-Stick,molix,Spinning e Casting,7.50,bassstoreitaly.com,famiglia,5.44,disponibile,+37.9,https://bassstoreitaly.com/it/molix-stick-flex,2026-08-05
16071,Molix S-Stick,molix,Spinning e Casting,7.50,pescapromo.it,famiglia,3.96,esaurito,+89.4,https://pescapromo.it/t/shads/molix-sneaky-stick-4-5-11-25cm-sinking-softbait-8pcs,2026-08-05
16071,Molix S-Stick,molix,Spinning e Casting,7.50,webpesca.it,famiglia,13.20,esaurito,-43.2,https://www.webpesca.it/shop/artificiale-stickbait-molix-piper-6-5-cm-9-gr-black-gold/,2026-08-05
14898,Molix SC Bug,molix,Creature & Craw,7.20,bassstoreitaly.com,famiglia,8.09,disponibile,-11.0,https://bassstoreitaly.com/it/molix-sc-bug,2026-08-05
14898,Molix SC Bug,molix,Creature & Craw,7.20,pescapromo.it,famiglia,3.49,esaurito,+106.3,https://pescapromo.it/t/creature-baits/molix-sc-bug-4-5-pezzi,2026-08-05
14889,"Molix SWD Swimming Dragonfly 5""",molix,Creature & Craw,7.70,bassstoreitaly.com,possibile,7.59,disponibile,+1.4,https://bassstoreitaly.com/it/molix-swd-swimming-dragonfly,2026-08-05
16020,"Molix Sator Worm 4""",molix,Spinning e Casting,7.50,bassstoreitaly.com,possibile,6.85,disponibile,+9.5,https://bassstoreitaly.com/it/molix-sator-worm-,2026-08-05
16020,"Molix Sator Worm 4""",molix,Spinning e Casting,7.50,mondo-pesca.it (ora escaepescashop.it),esatto,6.50,disponibile,+15.4,https://escaepescashop.it/prodotto/molix-sator-worm-4/,2026-08-05
16020,"Molix Sator Worm 4""",molix,Spinning e Casting,7.50,webpesca.it,esatto,7.19,esaurito,+4.3,https://www.webpesca.it/shop/artificiale-worm-molix-sator-worm-4-10-cm-green-red/,2026-08-05
16029,"Molix Sator Worm 5""",molix,Spinning e Casting,7.50,bassstoreitaly.com,possibile,6.85,disponibile,+9.5,https://bassstoreitaly.com/it/molix-sator-worm-,2026-08-05
16029,"Molix Sator Worm 5""",molix,Spinning e Casting,7.50,mondo-pesca.it (ora escaepescashop.it),possibile,6.30,disponibile,+19.0,https://escaepescashop.it/prodotto/molix-sator-worm-25/,2026-08-05
16029,"Molix Sator Worm 5""",molix,Spinning e Casting,7.50,webpesca.it,esatto,5.10,esaurito,+47.1,https://www.webpesca.it/shop/artificiale-worm-molix-sator-worm-5-12-5-cm-green-pumpkin/,2026-08-05
16047,"Molix Sator Worm 5.8""",molix,Spinning e Casting,7.99,bassstoreitaly.com,possibile,6.85,disponibile,+16.6,https://bassstoreitaly.com/it/molix-sator-worm-,2026-08-05
16047,"Molix Sator Worm 5.8""",molix,Spinning e Casting,7.99,mondo-pesca.it (ora escaepescashop.it),possibile,6.30,disponibile,+26.8,https://escaepescashop.it/prodotto/molix-sator-worm-25/,2026-08-05
16047,"Molix Sator Worm 5.8""",molix,Spinning e Casting,7.99,webpesca.it,possibile,7.19,esaurito,+11.1,https://www.webpesca.it/shop/artificiale-worm-molix-sator-worm-4-10-cm-green-red/,2026-08-05
14838,Molix Sculpo DR Rattlin,molix,Crankbait,11.35,bassstoreitaly.com,famiglia,11.10,disponibile,+2.3,https://bassstoreitaly.com/it/molix-sculpo-crank-dr-rattlin-,2026-08-05
14838,Molix Sculpo DR Rattlin,molix,Crankbait,11.35,pescapromo.it,famiglia,12.38,disponibile,-8.3,https://pescapromo.it/t/esche-artificiali-minnow/molix-sculpo-dr-rattlin-crankbait-55cm-14g,2026-08-05
14838,Molix Sculpo DR Rattlin,molix,Crankbait,11.35,webpesca.it,famiglia,11.18,disponibile,+1.5,https://www.webpesca.it/shop/artificiale-crankbait-molix-sculpo-dr-rattlin-5-5-cm-14-gr-tennessee-shad/,2026-08-05
15128,Molix Shad 100,molix,Soft Shad,10.40,bassstoreitaly.com,possibile,7.69,disponibile,+35.2,https://bassstoreitaly.com/it/molix-ra-shad-fat,2026-08-05
15128,Molix Shad 100,molix,Soft Shad,10.40,mondo-pesca.it (ora escaepescashop.it),possibile,13.00,disponibile,-20.0,https://escaepescashop.it/prodotto/molix-jugulo-soft-shad-4/,2026-08-05
15128,Molix Shad 100,molix,Soft Shad,10.40,pescapromo.it,possibile,4.80,esaurito,+116.7,https://pescapromo.it/t/shads/molix-pike-shad-7-5-19cm-2pcs,2026-08-05
15128,Molix Shad 100,molix,Soft Shad,10.40,webpesca.it,possibile,12.00,esaurito,-13.3,https://www.webpesca.it/shop/artificiale-crankbait-molix-finesse-crank-4-5-cm-5-gr-pearlescent-shad/,2026-08-05
15130,Molix Shad 120,molix,Shad,12.30,bassstoreitaly.com,possibile,7.69,disponibile,+59.9,https://bassstoreitaly.com/it/molix-ra-shad-fat,2026-08-05
15130,Molix Shad 120,molix,Shad,12.30,mondo-pesca.it (ora escaepescashop.it),possibile,13.00,disponibile,-5.4,https://escaepescashop.it/prodotto/molix-jugulo-soft-shad-4/,2026-08-05
15130,Molix Shad 120,molix,Shad,12.30,pescapromo.it,possibile,4.80,esaurito,+156.3,https://pescapromo.it/t/shads/molix-pike-shad-7-5-19cm-2pcs,2026-08-05
15130,Molix Shad 120,molix,Shad,12.30,webpesca.it,possibile,12.00,esaurito,+2.5,https://www.webpesca.it/shop/artificiale-crankbait-molix-finesse-crank-4-5-cm-5-gr-pearlescent-shad/,2026-08-05
21163,Molix Shad 140,molix,Siluro,14.95,bassstoreitaly.com,possibile,7.69,disponibile,+94.4,https://bassstoreitaly.com/it/molix-ra-shad-fat,2026-08-05
21163,Molix Shad 140,molix,Siluro,14.95,mondo-pesca.it (ora escaepescashop.it),possibile,13.00,disponibile,+15.0,https://escaepescashop.it/prodotto/molix-jugulo-soft-shad-4/,2026-08-05
21163,Molix Shad 140,molix,Siluro,14.95,webpesca.it,possibile,12.00,esaurito,+24.6,https://www.webpesca.it/shop/artificiale-crankbait-molix-finesse-crank-4-5-cm-5-gr-pearlescent-shad/,2026-08-05
21318,"Molix Shad 185 Gr 100 Cm 18,5",molix,Siluro,16.10,bassstoreitaly.com,possibile,7.69,disponibile,+109.4,https://bassstoreitaly.com/it/molix-ra-shad-fat,2026-08-05
21318,"Molix Shad 185 Gr 100 Cm 18,5",molix,Siluro,16.10,mondo-pesca.it (ora escaepescashop.it),possibile,13.00,disponibile,+23.8,https://escaepescashop.it/prodotto/molix-jugulo-soft-shad-4/,2026-08-05
21318,"Molix Shad 185 Gr 100 Cm 18,5",molix,Siluro,16.10,webpesca.it,possibile,12.00,esaurito,+34.2,https://www.webpesca.it/shop/artificiale-crankbait-molix-finesse-crank-4-5-cm-5-gr-pearlescent-shad/,2026-08-05
31267,Molix Sight Marker,molix,Luccio,2.98,bassstoreitaly.com,famiglia,2.85,disponibile,+4.6,https://bassstoreitaly.com/it/molix-sight-marker,2026-08-05
16097,"Molix Sligo 5""",molix,Spinning e Casting,6.60,bassstoreitaly.com,possibile,6.99,disponibile,-5.6,https://bassstoreitaly.com/it/molix-sligo,2026-08-05
20476,Molix Sneaky Frog 90 EVO,molix,Spinning e Casting,13.21,bassstoreitaly.com,possibile,13.99,esaurito,-5.6,https://bassstoreitaly.com/it/molix-sneaky-frog-evo,2026-08-05
25535,Molix Sneaky Worm,molix,Spinning e Casting,7.10,bassstoreitaly.com,famiglia,6.49,disponibile,+9.4,https://bassstoreitaly.com/it/molix-sneaky-worm,2026-08-05
25535,Molix Sneaky Worm,molix,Spinning e Casting,7.10,webpesca.it,famiglia,6.72,esaurito,+5.7,https://www.webpesca.it/shop/artificiale-worm-molix-sneaky-worm-5-13-cm-cinnamon-purple/,2026-08-05
20692,Molix Soft Lipless Vib 55 14 Gr 5.5 Cm,molix,Spinning e Casting,13.90,bassstoreitaly.com,possibile,10.55,disponibile,+31.8,https://bassstoreitaly.com/it/molix-soft-lipless-vib,2026-08-05
20889,Molix Spin Shad 110,molix,Siluro,15.25,bassstoreitaly.com,possibile,14.20,disponibile,+7.4,https://bassstoreitaly.com/it/molix-spin-shad-185-swimbait,2026-08-05
20889,Molix Spin Shad 110,molix,Siluro,15.25,webpesca.it,possibile,11.92,esaurito,+27.9,https://www.webpesca.it/shop/artificiale-crankbait-molix-trago-spin-tail-3-cm-14-gr-tennessee-shad/,2026-08-05
20894,Molix Spin Shad 160,molix,Siluro,16.99,bassstoreitaly.com,possibile,14.20,disponibile,+19.6,https://bassstoreitaly.com/it/molix-spin-shad-185-swimbait,2026-08-05
20894,Molix Spin Shad 160,molix,Siluro,16.99,webpesca.it,possibile,11.92,esaurito,+42.5,https://www.webpesca.it/shop/artificiale-crankbait-molix-trago-spin-tail-3-cm-14-gr-tennessee-shad/,2026-08-05
26915,Molix Stick Flex 2.75  Cm 7,molix,Spinning e Casting,7.15,bassstoreitaly.com,possibile,5.44,disponibile,+31.4,https://bassstoreitaly.com/it/molix-stick-flex,2026-08-05
26915,Molix Stick Flex 2.75  Cm 7,molix,Spinning e Casting,7.15,webpesca.it,esatto,6.40,esaurito,+11.7,https://www.webpesca.it/shop/artificiale-stickbait-molix-stick-flex-2-75-7-cm-watermelon/,2026-08-05
20436,Molix Supernato Beetle Cm 7.5 Gr 17,molix,Spinning e Casting,15.98,bassstoreitaly.com,possibile,13.49,disponibile,+18.5,https://bassstoreitaly.com/it/molix-supernato-beetle,2026-08-05
32481,Molix Supernato Frog R,molix,Spinning e Casting,15.20,bassstoreitaly.com,famiglia,13.49,disponibile,+12.7,https://bassstoreitaly.com/it/molix-supernato-frog-baby-r,2026-08-05
14132,Molix Trago 65 Spyblade,molix,Lipless,17.10,bassstoreitaly.com,esatto,15.39,disponibile,+11.1,https://bassstoreitaly.com/it/molix-trago-65-spyblade,2026-08-05
15177,Molix Trout Spoon Gr 1.5,molix,Spoon,6.98,bassstoreitaly.com,possibile,6.90,disponibile,+1.2,https://bassstoreitaly.com/it/molix-trout-spoon,2026-08-05
15181,Molix Trout Spoon Gr 2.5,molix,Spoon,6.98,bassstoreitaly.com,possibile,6.90,disponibile,+1.2,https://bassstoreitaly.com/it/molix-trout-spoon,2026-08-05
15189,Molix Trout Spoon Gr 3.5,molix,Spoon,7.35,bassstoreitaly.com,possibile,6.90,disponibile,+6.5,https://bassstoreitaly.com/it/molix-trout-spoon,2026-08-05
13919,Molix Waterproof Elite,molix,Borse,13.98,bassstoreitaly.com,famiglia,27.99,disponibile,-50.1,https://bassstoreitaly.com/it/molix-waterproof-elite-series,2026-08-05
13919,Molix Waterproof Elite,molix,Borse,13.98,megafish.it,famiglia,20.10,disponibile,-30.4,https://www.megafish.it/valigette-e-contenitori/5871-molix-elite-waterproof-scatola-porta-accessori.html,2026-08-05
13051,OMTD Drop Shot OH1200,omtd,Ami da Dropshot,5.18,bassstoreitaly.com,famiglia,5.49,esaurito,-5.6,https://bassstoreitaly.com/it/omtd-drop-shot-hooks-oh-1200,2026-08-05
13727,OMTD Ned Rig Jig Head OJ1900,omtd,Jig Head,7.20,bassstoreitaly.com,famiglia,6.33,disponibile,+13.7,https://bassstoreitaly.com/it/omtd-oj1900-ned-rig-jig-head,2026-08-05
13106,OMTD Single Lure Hook OH1700,omtd,Ami,6.50,bassstoreitaly.com,famiglia,3.99,disponibile,+62.9,https://bassstoreitaly.com/it/omtd-single-lure-hook-oh1700,2026-08-05
13333,OMTD Swimbait Hook OH2700,omtd,Ami da Gomma,5.35,mondo-pesca.it (ora escaepescashop.it),famiglia,5.40,disponibile,-0.9,https://escaepescashop.it/prodotto/omtd-oh2700-swimbait-hook/,2026-08-05
13072,OMTD Swimbait Weighted OH1500,omtd,Ami da Gomma,8.55,bassstoreitaly.com,famiglia,6.78,disponibile,+26.1,https://bassstoreitaly.com/it/omtd-t-swimbait-weighted-oh1500,2026-08-05
15162,OMTD Swimming WT OJ1800,omtd,Jig Head,7.50,bassstoreitaly.com,famiglia,7.65,esaurito,-2.0,https://bassstoreitaly.com/it/omtd-oj-1800-swimming-wt,2026-08-05
13367,OMTD T Power Finesse OJ200,omtd,Jig Head,7.99,bassstoreitaly.com,famiglia,6.09,disponibile,+31.2,https://bassstoreitaly.com/it/omtd-t-power-finesse-jighead-oj200,2026-08-05
13366,OMTD T Trout OJ700,omtd,Spinning e Casting,6.90,bassstoreitaly.com,famiglia,6.40,disponibile,+7.8,https://bassstoreitaly.com/it/omtd-t-trout-jighead-oj700,2026-08-05
13291,Omtd Big Swimbait Bladed Hook,omtd,Ami da Gomma,9.00,bassstoreitaly.com,famiglia,7.79,disponibile,+15.5,https://bassstoreitaly.com/it/omtd-big-swimbait-bladed-hook,2026-08-05
13305,Omtd Big Swimbait Hook,omtd,Ami da Gomma,6.30,bassstoreitaly.com,famiglia,7.79,disponibile,-19.1,https://bassstoreitaly.com/it/omtd-big-swimbait-bladed-hook,2026-08-05
14557,Owner 5121 Welded Quick Snap,owner,Girelle & Moschettoni,7.50,bassstoreitaly.com,possibile,5.99,disponibile,+25.2,https://bassstoreitaly.com/it/owner-hyper-welded-quick-snap,2026-08-05
14560,Owner 5122 Jig Rig W-Lead Sinker,owner,Jig Head,5.89,bassstoreitaly.com,possibile,4.59,disponibile,+28.3,https://bassstoreitaly.com/it/owner-jig-rig-lead-sinker,2026-08-05
14573,Owner 5140 J-Hook,owner,Ami da Gomma,5.89,bassstoreitaly.com,possibile,6.75,disponibile,-12.7,https://bassstoreitaly.com/it/owner-cutting-point-oversize-worm-hook,2026-08-05
14573,Owner 5140 J-Hook,owner,Ami da Gomma,5.89,pescapromo.it,possibile,4.76,disponibile,+23.7,https://pescapromo.it/t/ami-per-pesca-in-mare/owner-5114-circle-hooks,2026-08-05
14600,Owner 5155 Lead Sinker,owner,Piombi,3.95,bassstoreitaly.com,possibile,4.59,disponibile,-13.9,https://bassstoreitaly.com/it/owner-jig-rig-lead-sinker,2026-08-05
14633,Owner 51725 SBL-47,owner,Ami senza Ardiglione,2.95,bassstoreitaly.com,possibile,2.95,disponibile,+0.0,https://bassstoreitaly.com/it/owner-sbl-67-hook,2026-08-05
13601,Owner Split Ring Hyper Wire 5196,owner,Girelle & Moschettoni,6.90,bassstoreitaly.com,possibile,5.18,disponibile,+33.2,https://bassstoreitaly.com/it/owner-hyper-wire-split-rings-stainless,2026-08-05
14206,Panther Martin Ardito Spoon Gr 3,panther-martin,Trout Area,6.69,bassstoreitaly.com,possibile,6.69,disponibile,+0.0,https://bassstoreitaly.com/it/panther-martin-ardito-spoon-2,2026-08-05
16930,Panther Martin Holographic Single Hook,panther-martin,Spinning e Casting,4.99,bassstoreitaly.com,famiglia,4.99,disponibile,+0.0,https://bassstoreitaly.com/it/panther-martin-holographic-deluxe-single-hook,2026-08-05
16957,Panther Martin Hula Runner,panther-martin,Spinning e Casting,13.99,bassstoreitaly.com,famiglia,13.49,disponibile,+3.7,https://bassstoreitaly.com/it/panther-martin-hula-runner,2026-08-05
16885,Panther Martin Marmorata,panther-martin,Spinning e Casting,5.50,bassstoreitaly.com,famiglia,6.49,disponibile,-15.3,https://bassstoreitaly.com/it/panther-martin-marmorata,2026-08-05
16857,Panther Martin Vespa Originale,panther-martin,Spinning e Casting,3.79,bassstoreitaly.com,famiglia,3.99,disponibile,-5.0,https://bassstoreitaly.com/it/panther-martin-vespa-originale,2026-08-05
25372,Borsa Tubertini Offshore 550,tubertini,Mare,59.90,mondo-pesca.it (ora escaepescashop.it),esatto,51.00,esaurito,+17.5,https://escaepescashop.it/prodotto/tubertini-borsa-offshore-550/,2026-08-05
25372,Borsa Tubertini Offshore 550,tubertini,Mare,59.90,pescamia.eu,possibile,85.00,esaurito,-29.5,https://www.pescamia.eu/product-page/tubertini-fodero-offshore-surf-402,2026-08-05
25372,Borsa Tubertini Offshore 550,tubertini,Mare,59.90,webpesca.it,esatto,48.14,esaurito,+24.4,https://www.webpesca.it/shop/borsone-tubertini-offshore-550/,2026-08-05
25418,Canna Tubertini Ionic 2 TLS,tubertini,Mare,139.00,megafish.it,esatto,136.25,disponibile,+2.0,https://www.megafish.it/canne-surfcasting/7204-tubertini-ionic-2-tls.html,2026-08-05
25418,Canna Tubertini Ionic 2 TLS,tubertini,Mare,139.00,mondo-pesca.it (ora escaepescashop.it),esatto,115.00,disponibile,+20.9,https://escaepescashop.it/prodotto/canna-tubertini-ionic-2-tls/,2026-08-05
25418,Canna Tubertini Ionic 2 TLS,tubertini,Mare,139.00,pescamia.eu,esatto,122.00,esaurito,+13.9,https://www.pescamia.eu/product-page/tubertini-ionic-2-tls-4-25-metri-100-gr-canna-surfcasting,2026-08-05
25430,Canna Tubertini Sylan,tubertini,Mare,85.00,mondo-pesca.it (ora escaepescashop.it),famiglia,77.00,disponibile,+10.4,https://escaepescashop.it/prodotto/tubertini-sylan-2/,2026-08-05
14367,Mulinello Tubertini Hylas FD,tubertini,Frizione anteriore,189.00,pescapromo.it,famiglia,146.95,disponibile,+28.6,https://pescapromo.it/t/mulinelli/mulinelli-da-spinning-tubertini-ryobi-hylas-fd,2026-08-05
13877,Tubertini Borsa Titan,tubertini,Borse,69.00,mondo-pesca.it (ora escaepescashop.it),famiglia,62.00,esaurito,+11.3,https://escaepescashop.it/prodotto/tubertini-borsa-titan/,2026-08-05
14672,Tubertini Bos Fluorocarbon 50 MT,tubertini,Fili Fluorocarbon,7.90,pescamia.eu,esatto,8.90,esaurito,-11.2,https://www.pescamia.eu/product-page/tubertini-bos-fluorocarbon-bobina-50-mt,2026-08-05
21676,Tubertini Crossover 2 Mt 2.20 Lb 6-12,tubertini,Mare,139.00,mondo-pesca.it (ora escaepescashop.it),possibile,95.00,disponibile,+46.3,https://escaepescashop.it/prodotto/canna-traina-tubertini-crossover-2/,2026-08-05
21676,Tubertini Crossover 2 Mt 2.20 Lb 6-12,tubertini,Mare,139.00,pescamia.eu,possibile,104.00,esaurito,+33.7,https://www.pescamia.eu/product-page/tubertini-crossover-2-canna-traina-costiera,2026-08-05
21676,Tubertini Crossover 2 Mt 2.20 Lb 6-12,tubertini,Mare,139.00,webpesca.it,probabile,97.50,disponibile,+42.6,https://www.webpesca.it/shop/canna-tubertini-crossover-2-2-20-mt-6-12-lbs/,2026-08-05
13434,Tubertini Enduro Bag,tubertini,Borse,45.00,mondo-pesca.it (ora escaepescashop.it),famiglia,42.00,esaurito,+7.1,https://escaepescashop.it/prodotto/tubertini-borsa-enduro-bag/,2026-08-05
13860,Tubertini Express Feeder,tubertini,Ledgering - Feeder - Inglese,69.00,mondo-pesca.it (ora escaepescashop.it),famiglia,58.00,disponibile,+19.0,https://escaepescashop.it/prodotto/tubertini-express-feeder/,2026-08-05
13860,Tubertini Express Feeder,tubertini,Ledgering - Feeder - Inglese,69.00,webpesca.it,famiglia,54.94,esaurito,+25.6,https://www.webpesca.it/shop/canna-feeder-tubertini-express-feeder-2-70-mt-40-gr/,2026-08-05
13891,Tubertini Fatality,tubertini,Siluro,135.00,mondo-pesca.it (ora escaepescashop.it),famiglia,135.00,esaurito,+0.0,https://escaepescashop.it/prodotto/canna-traina-tubertini-fatality/,2026-08-05
13445,Tubertini Fodero Cesena,tubertini,Mare,39.00,mondo-pesca.it (ora escaepescashop.it),famiglia,35.00,disponibile,+11.4,https://escaepescashop.it/prodotto/tubertini-fodero-cesena-150/,2026-08-05
13442,Tubertini Fodero Forlì,tubertini,Mare,36.60,mondo-pesca.it (ora escaepescashop.it),famiglia,32.00,disponibile,+14.4,https://escaepescashop.it/prodotto/tubertini-fodero-forli-1t/,2026-08-05
25105,Tubertini Fodero Jocker 1,tubertini,Luccio,58.50,megafish.it,esatto,55.45,disponibile,+5.5,https://www.megafish.it/foderi-portacanne-pesca/6158-tubertini-fodero-jocker-1.html,2026-08-05
20092,Tubertini Kaliber Surf,tubertini,Mare,89.00,megafish.it,famiglia,75.65,disponibile,+17.6,https://www.megafish.it/canne-surfcasting/6284-tubertini-kaliber-surf-420-mt.html,2026-08-05
20092,Tubertini Kaliber Surf,tubertini,Mare,89.00,mondo-pesca.it (ora escaepescashop.it),famiglia,74.00,esaurito,+20.3,https://escaepescashop.it/prodotto/tubertini-surfcasting-kaliber-surf/,2026-08-05
20092,Tubertini Kaliber Surf,tubertini,Mare,89.00,pescamia.eu,famiglia,79.90,esaurito,+11.4,https://www.pescamia.eu/product-page/tubertini-kaliber-surf-canna-telescopica-surfcasting,2026-08-05
13886,Tubertini Level Chrome,tubertini,Bolognese,155.00,mondo-pesca.it (ora escaepescashop.it),famiglia,105.00,disponibile,+47.6,https://escaepescashop.it/prodotto/bolognese-tubertini-level-chrome/,2026-08-05
13886,Tubertini Level Chrome,tubertini,Bolognese,155.00,pescamia.eu,famiglia,104.00,esaurito,+49.0,https://www.pescamia.eu/product-page/tubertini-level-chrome-canna-bolognese,2026-08-05
25387,Tubertini Maggi Box,tubertini,Mare,3.90,megafish.it,famiglia,6.06,disponibile,-35.6,https://www.megafish.it/valigette-e-contenitori/2957-tubertini-maggi-box-2-lt.html,2026-08-05
17256,Tubertini Mulinello Artis,tubertini,Mare,79.00,pescamia.eu,famiglia,69.00,esaurito,+14.5,https://www.pescamia.eu/product-page/tubertini-mulinelli-artis-usati,2026-08-05
17239,Tubertini Mulinello Chrome,tubertini,Mare,105.00,mondo-pesca.it (ora escaepescashop.it),famiglia,105.00,disponibile,+0.0,https://escaepescashop.it/prodotto/bolognese-tubertini-level-chrome/,2026-08-05
17239,Tubertini Mulinello Chrome,tubertini,Mare,105.00,pescamia.eu,famiglia,104.00,esaurito,+1.0,https://www.pescamia.eu/product-page/tubertini-level-chrome-canna-bolognese,2026-08-05
17247,Tubertini Mulinello Dark,tubertini,Mare,105.00,megafish.it,famiglia,50.40,disponibile,+108.3,https://www.megafish.it/mulinelli-pesca-frizione-anteriore/6807-mulinello-tubertini-dark.html,2026-08-05
17247,Tubertini Mulinello Dark,tubertini,Mare,105.00,mondo-pesca.it (ora escaepescashop.it),famiglia,105.00,disponibile,+0.0,https://escaepescashop.it/prodotto/tubertini-dark/,2026-08-05
17247,Tubertini Mulinello Dark,tubertini,Mare,105.00,pescamia.eu,famiglia,86.00,esaurito,+22.1,https://www.pescamia.eu/product-page/tubertini-dark-bc-canna-spinning,2026-08-05
17231,Tubertini Mulinello Wasp,tubertini,Mare,85.00,pescamia.eu,famiglia,68.00,esaurito,+25.0,https://www.pescamia.eu/product-page/tubertini-mulinello-wasp,2026-08-05
27258,Tubertini Mulinello Xide,tubertini,Mare,33.00,mondo-pesca.it (ora escaepescashop.it),famiglia,41.00,esaurito,-19.5,https://escaepescashop.it/prodotto/mulinello-tubertini-xide/,2026-08-05
15292,Tubertini Noway Mt 50,tubertini,Fili Nylon,7.40,megafish.it,esatto,7.58,disponibile,-2.4,https://www.megafish.it/nylon-da-pesca/6948-tubertini-noway-50-mt.html,2026-08-05
13437,Tubertini Offshore Bag,tubertini,Borse,40.90,megafish.it,famiglia,28.18,disponibile,+45.1,https://www.megafish.it/borse-e-zaini/6956-tubertini-astuccio-offshore-h-bag.html,2026-08-05
13437,Tubertini Offshore Bag,tubertini,Borse,40.90,mondo-pesca.it (ora escaepescashop.it),famiglia,21.00,esaurito,+94.8,https://escaepescashop.it/prodotto/tubertini-offshore-h-bag/,2026-08-05
28032,Tubertini Pencil Feeder,tubertini,Tecniche Varie,125.00,mondo-pesca.it (ora escaepescashop.it),famiglia,89.00,disponibile,+40.4,https://escaepescashop.it/prodotto/tubertini-pencil-feeder/,2026-08-05
20096,Tubertini Performer,tubertini,Mare,69.00,mondo-pesca.it (ora escaepescashop.it),famiglia,69.00,disponibile,+0.0,https://escaepescashop.it/prodotto/canna-tubertini-performer-xs-2/,2026-08-05
20096,Tubertini Performer,tubertini,Mare,69.00,pescamia.eu,famiglia,74.00,esaurito,-6.8,https://www.pescamia.eu/product-page/tubertini-performer-xs-canna-beach-ledgering,2026-08-05
21681,Tubertini Sea Master,tubertini,Mare,139.00,megafish.it,famiglia,111.00,disponibile,+25.2,https://www.megafish.it/trainabig-game/6286-tubertini-sea-master.html,2026-08-05
21681,Tubertini Sea Master,tubertini,Mare,139.00,mondo-pesca.it (ora escaepescashop.it),famiglia,110.00,disponibile,+26.4,https://escaepescashop.it/prodotto/tubertini-sea-master/,2026-08-05
21681,Tubertini Sea Master,tubertini,Mare,139.00,pescamia.eu,famiglia,116.00,esaurito,+19.8,https://www.pescamia.eu/product-page/tubertini-sea-master-canna-traina-costiera,2026-08-05
14702,Tubertini Testa di Guadino Impact,tubertini,Nasse & Guadini,25.00,mondo-pesca.it (ora escaepescashop.it),famiglia,21.00,disponibile,+19.0,https://escaepescashop.it/prodotto/tubertini-testa-guadino-impact/,2026-08-05
14463,Tubertini Vertigo Black,tubertini,Frizione anteriore,110.00,pescamia.eu,famiglia,119.00,esaurito,-7.6,https://www.pescamia.eu/product-page/tubertini-mulinello-vertigo-black,2026-08-05
21674,Tubertini Vitality 2 Mt 2.10 Lb 12-20,tubertini,Mare,139.00,mondo-pesca.it (ora escaepescashop.it),possibile,112.00,disponibile,+24.1,https://escaepescashop.it/prodotto/canna-traina-tubertini-vitality-light/,2026-08-05
